<application>
  <component name="dataSourceStorage" format="xml" multifile-model="true">
    <data-source source="LOCAL" name="@35.224.105.199" uuid="6e5f8d4f-62ff-4e00-a6e2-7d18fd71caed">
      <driver-ref>postgresql</driver-ref>
      <synchronize>true</synchronize>
      <jdbc-driver>org.postgresql.Driver</jdbc-driver>
      <jdbc-url>jdbc:postgresql://35.224.105.199:5555/</jdbc-url>
    </data-source>
    <data-source source="LOCAL" name="postgres@demo.rosebayconsult.com" uuid="e1c3208e-4da4-4f29-aaee-bc890acf1042">
      <driver-ref>postgresql</driver-ref>
      <synchronize>true</synchronize>
      <jdbc-driver>org.postgresql.Driver</jdbc-driver>
      <jdbc-url>jdbc:postgresql://demo.rosebayconsult.com:4016/postgres</jdbc-url>
    </data-source>
  </component>
</application>