<application>
  <component name="dataSourceStorage" format="xml" multifile-model="true">
    <data-source source="LOCAL" name="cloud" uuid="b8dc090e-e009-427f-80c8-265ef43c1eb4">
      <driver-ref>postgresql</driver-ref>
      <synchronize>true</synchronize>
      <jdbc-driver>org.postgresql.Driver</jdbc-driver>
      <jdbc-url>jdbc:postgresql://john.db.elephantsql.com:5432/swmnwuog</jdbc-url>
    </data-source>
    <data-source source="LOCAL" name="db_aaa@demo.rosebaycorporate.com" uuid="b2553b73-2d17-4185-82ed-fafb9098e2f6">
      <driver-ref>postgresql</driver-ref>
      <synchronize>true</synchronize>
      <jdbc-driver>org.postgresql.Driver</jdbc-driver>
      <jdbc-url>jdbc:postgresql://demo.rosebaycorporate.com:4054/db_aaa</jdbc-url>
    </data-source>
    <data-source source="LOCAL" name="db_rl@demo.rosebaycorporate.com" uuid="af66ab89-fdb0-496c-8821-44ffb57b5954">
      <driver-ref>postgresql</driver-ref>
      <synchronize>true</synchronize>
      <jdbc-driver>org.postgresql.Driver</jdbc-driver>
      <jdbc-url>jdbc:postgresql://demo.rosebaycorporate.com:4062/db_rl</jdbc-url>
    </data-source>
    <data-source source="LOCAL" name="db_customer@demo.rosebaycorporate.com" uuid="62cfdfe0-a1dd-47d2-a085-400b0081c60a">
      <driver-ref>postgresql</driver-ref>
      <synchronize>true</synchronize>
      <jdbc-driver>org.postgresql.Driver</jdbc-driver>
      <jdbc-url>jdbc:postgresql://demo.rosebaycorporate.com:4059/db_customer</jdbc-url>
    </data-source>
    <data-source source="LOCAL" name="local db" uuid="5cdfbc6f-3059-4d83-8b71-0f347e7cc412">
      <driver-ref>postgresql</driver-ref>
      <synchronize>true</synchronize>
      <jdbc-driver>org.postgresql.Driver</jdbc-driver>
      <jdbc-url>jdbc:postgresql://localhost:5432/postgres</jdbc-url>
    </data-source>
  </component>
</application>